部屋割りID,予約ID,部屋ID,部屋名,利用開始日,利用終了日,割当人数,男性人数,女性人数,子ども人数,小学生男,小学生女,3歳以上,3歳未満,表示用メモ,部屋割りメモ,作成日時,更新日時
RA-2026-0013,MIG-MT0019,R01,理科室,2026/07/11,2026/07/12,0,27,0,0,0,0,0,0,,,2026/06/26 21:15,2026/06/26 21:57
RA-2026-0014,MIG-MT0014,R02,低学年室,2026/07/18,2026/07/19,0,4,3,0,0,0,0,0,,,2026/06/26 21:15,2026/06/26 21:15
RA-2026-0015,MIG-MT0004,R02,低学年室,2026/07/19,2026/07/20,9,5,4,0,0,0,0,0,,,2026/06/26 21:15,2026/06/26 21:15
RA-2026-0016,STUDIO-MT154,R02,低学年室,2026/07/21,2026/07/22,0,3,3,3,1,1,1,0,,,2026/06/26 21:15,2026/06/26 21:15
RA-2026-0017,MIG-MT0007,R02,低学年室,2026/07/25,2026/07/26,0,6,4,0,0,0,0,0,,,2026/06/26 21:15,2026/06/26 21:15
RA-2026-0018,MIG-MT0018,R02,低学年室,2026/07/26,2026/07/27,0,1,3,2,1,1,0,0,,,2026/06/26 21:15,2026/06/26 21:15
RA-2026-0019,MANUAL-MT2,R01,理科室,2026/07/31,2026/08/01,0,0,0,0,0,0,0,0,,,2026/06/26 21:15,2026/06/26 22:33
RA-2026-0020,MIG-MT0017,R02,低学年室,2026/07/31,2026/08/01,4,2,2,0,0,0,0,0,,,2026/06/26 21:15,2026/06/26 21:15
RA-2026-0021,MIG-MT0019,R02,低学年室,2026/07/11,2026/07/12,27,27,0,0,0,0,0,0,,,2026/06/26 21:23,2026/06/26 21:23
RA-2026-0022,MIG-MT0019,R03,高学年室,2026/07/11,2026/07/12,27,27,0,0,0,0,0,0,,,2026/06/26 21:23,2026/06/26 21:23
RA-2026-0025,MIG-MT0019,R04,保健室,2026/07/11,2026/07/12,27,27,0,0,0,0,0,0,,,2026/06/26 21:55,2026/06/26 21:55
RA-2026-0027,MIG-MT0002,R01,理科室,2026/08/01,2026/08/02,46,10,10,26,20,3,0,3,,,2026/06/26 21:58,2026/06/26 21:58
RA-2026-0028,MIG-MT0002,R02,低学年室,2026/08/01,2026/08/02,46,10,10,26,20,3,0,3,,,2026/06/26 21:58,2026/06/26 21:58
RA-2026-0029,MIG-MT0002,R03,高学年室,2026/08/01,2026/08/02,46,10,10,26,20,3,0,3,,,2026/06/26 21:58,2026/06/26 21:58
RA-2026-0030,MIG-MT0002,R04,保健室,2026/08/01,2026/08/02,46,10,10,26,20,3,0,3,,,2026/06/26 21:58,2026/06/26 21:58
RA-2026-0031,MIG-MT0002,R05,音楽室,2026/08/01,2026/08/02,46,10,10,26,20,3,0,3,,,2026/06/26 21:58,2026/06/26 21:58
RA-2026-0032,MIG-MT0002,R06,図書室,2026/08/01,2026/08/02,46,10,10,26,20,3,0,3,,,2026/06/26 21:58,2026/06/26 21:58
RA-2026-0033,MIG-MT0016,R02,低学年室,2026/08/02,2026/08/03,0,2,2,4,2,2,0,0,,,2026/06/26 22:00,2026/06/26 22:00
RA-2026-0034,MIG-MT0021,R02,低学年室,2026/08/03,2026/08/04,10,5,3,2,2,0,0,0,,,2026/06/26 22:00,2026/06/26 22:00
RA-2026-0035,MANUAL-MT10,R02,低学年室,2026/08/08,2026/08/09,0,5,5,15,7,8,0,0,,,2026/06/26 22:00,2026/06/26 22:00
RA-2026-0036,MANUAL-MT3,R02,低学年室,2026/08/09,2026/08/11,4,1,1,2,1,0,1,0,,,2026/06/26 22:00,2026/06/26 22:00
RA-2026-0037,MIG-MT0023,R01,理科室,2026/08/10,2026/08/11,0,1,1,1,0,1,0,0,,,2026/06/26 22:00,2026/06/26 22:00
RA-2026-0038,MIG-MT0009,R03,高学年室,2026/08/10,2026/08/11,5,1,1,3,1,1,1,0,,,2026/06/26 22:00,2026/06/26 22:00
RA-2026-0039,MANUAL-MT4,R04,保健室,2026/08/10,2026/08/11,4,1,1,2,0,2,0,0,,,2026/06/26 22:00,2026/06/26 22:00
RA-2026-0040,STUDIO-MT151,R01,理科室,2026/08/11,2026/08/12,4,1,2,1,0,1,0,0,,,2026/06/26 22:01,2026/06/26 22:01
RA-2026-0041,MANUAL-MT5,R02,低学年室,2026/08/11,2026/08/12,0,0,0,0,0,0,0,0,,,2026/06/26 22:01,2026/06/26 22:01
RA-2026-0042,MANUAL-MT7,R01,理科室,2026/08/12,2026/08/13,4,3,1,0,0,0,0,0,,,2026/06/26 22:01,2026/06/26 22:01
RA-2026-0043,MANUAL-MT6,R04,保健室,2026/08/12,2026/08/14,3,3,0,0,0,0,0,0,,,2026/06/26 22:01,2026/06/26 22:01
RA-2026-0044,MIG-MT0012,R01,理科室,2026/08/13,2026/08/14,0,1,1,0,0,0,0,0,,,2026/06/26 22:01,2026/06/26 22:01
RA-2026-0045,MIG-MT0011,R02,低学年室,2026/08/13,2026/08/14,11,5,5,1,0,1,0,0,,,2026/06/26 22:01,2026/06/26 22:01
RA-2026-0046,MIG-MT0013,R05,音楽室,2026/08/13,2026/08/15,4,1,1,2,0,1,0,1,,,2026/06/26 22:01,2026/06/26 22:01
RA-2026-0048,MIG-MT0015,R02,低学年室,2026/08/16,2026/08/17,0,6,4,7,5,1,1,0,,,2026/06/26 22:01,2026/06/26 22:01
RA-2026-0049,MANUAL-MT8,R02,低学年室,2026/08/19,2026/08/20,0,5,5,30,15,15,0,0,,,2026/06/26 22:01,2026/06/26 22:01
RA-2026-0050,MANUAL-MT9,R02,低学年室,2026/08/22,2026/08/23,0,0,0,0,0,0,0,0,,,2026/06/26 22:01,2026/06/26 22:01
RA-2026-0051,MIG-MT0008,R02,低学年室,2026/08/29,2026/08/30,0,10,15,0,0,0,0,0,,,2026/06/26 22:01,2026/06/26 22:01
RA-2026-0052,MANUAL-MT8,R03,高学年室,2026/08/19,2026/08/20,40,5,5,30,15,15,0,0,,,2026/06/26 22:02,2026/06/26 22:02
RA-2026-0053,MANUAL-MT8,R04,保健室,2026/08/19,2026/08/20,40,5,5,30,15,15,0,0,,,2026/06/26 22:02,2026/06/26 22:02
RA-2026-0054,MANUAL-MT8,R05,音楽室,2026/08/19,2026/08/20,40,5,5,30,15,15,0,0,,,2026/06/26 22:02,2026/06/26 22:02
RA-2026-0055,MANUAL-MT8,R01,理科室,2026/08/19,2026/08/20,40,5,5,30,15,15,0,0,,,2026/06/26 22:02,2026/06/26 22:04
RA-2026-0056,MANUAL-MT10,R01,理科室,2026/08/08,2026/08/09,25,5,5,15,7,8,0,0,,,2026/06/26 22:03,2026/06/26 22:03
RA-2026-0057,MANUAL-MT10,R03,高学年室,2026/08/08,2026/08/09,25,5,5,15,7,8,0,0,,,2026/06/26 22:03,2026/06/26 22:03
RA-2026-0058,MANUAL-MT10,R04,保健室,2026/08/08,2026/08/09,25,5,5,15,7,8,0,0,,,2026/06/26 22:03,2026/06/26 22:03
RA-2026-0059,MANUAL-MT10,R05,音楽室,2026/08/08,2026/08/09,25,5,5,15,7,8,0,0,,,2026/06/26 22:03,2026/06/26 22:03
RA-2026-0060,MIG-MT0011,R03,高学年室,2026/08/13,2026/08/14,11,5,5,1,0,1,0,0,,,2026/06/26 22:05,2026/06/26 22:05
RA-2026-0061,MANUAL-MT5,R03,高学年室,2026/08/11,2026/08/12,0,0,0,0,0,0,0,0,,,2026/06/26 22:06,2026/06/26 22:06
RA-2026-0064,MIG-MT0015,R03,高学年室,2026/08/16,2026/08/17,17,6,4,7,5,1,1,0,,,2026/06/26 22:07,2026/06/26 22:07
RA-2026-0065,MANUAL-MT9,R01,理科室,2026/08/22,2026/08/23,0,0,0,0,0,0,0,0,,,2026/06/26 22:08,2026/06/26 22:08
RA-2026-0066,MANUAL-MT9,R03,高学年室,2026/08/22,2026/08/23,0,0,0,0,0,0,0,0,,,2026/06/26 22:08,2026/06/26 22:08
RA-2026-0067,MANUAL-MT9,R04,保健室,2026/08/22,2026/08/23,0,0,0,0,0,0,0,0,,,2026/06/26 22:08,2026/06/26 22:08
RA-2026-0068,MANUAL-MT9,R05,音楽室,2026/08/22,2026/08/23,0,0,0,0,0,0,0,0,,,2026/06/26 22:08,2026/06/26 22:08
RA-2026-0069,MIG-MT0008,R01,理科室,2026/08/29,2026/08/30,25,10,15,0,0,0,0,0,,,2026/06/26 22:08,2026/06/26 22:08
RA-2026-0070,MIG-MT0008,R03,高学年室,2026/08/29,2026/08/30,25,10,15,0,0,0,0,0,,,2026/06/26 22:09,2026/06/26 22:09
RA-2026-0071,MIG-MT0008,R04,保健室,2026/08/29,2026/08/30,25,10,15,0,0,0,0,0,,,2026/06/26 22:09,2026/06/26 22:09
RA-2026-0072,MIG-MT0008,R05,音楽室,2026/08/29,2026/08/30,25,10,15,0,0,0,0,0,,,2026/06/26 22:09,2026/06/26 22:09
RA-2026-0073,STUDIO-MT150,R01,理科室,2026/09/23,2026/09/25,36,23,13,0,0,0,0,0,,,2026/06/26 22:09,2026/06/26 22:09
RA-2026-0074,STUDIO-MT150,R02,低学年室,2026/09/23,2026/09/25,36,23,13,0,0,0,0,0,,,2026/06/26 22:09,2026/06/26 22:09
RA-2026-0075,STUDIO-MT150,R03,高学年室,2026/09/23,2026/09/25,36,23,13,0,0,0,0,0,,,2026/06/26 22:09,2026/06/26 22:09
RA-2026-0076,STUDIO-MT150,R04,保健室,2026/09/23,2026/09/25,36,23,13,0,0,0,0,0,,,2026/06/26 22:09,2026/06/26 22:09
RA-2026-0077,STUDIO-MT150,R05,音楽室,2026/09/23,2026/09/25,36,23,13,0,0,0,0,0,,,2026/06/26 22:09,2026/06/26 22:09
RA-2026-0078,STUDIO-MT150,R06,図書室,2026/09/23,2026/09/25,36,23,13,0,0,0,0,0,,,2026/06/26 22:09,2026/06/26 22:09
RA-2026-0079,MIG-MT0003,R02,低学年室,2026/09/12,2026/09/13,10,9,1,0,0,0,0,0,,,2026/06/26 22:12,2026/06/26 22:12
RA-2026-0080,MIG-MT0020,R02,低学年室,2026/09/14,2026/09/15,0,6,3,0,0,0,0,0,,,2026/06/26 22:12,2026/06/26 22:12
RA-2026-0081,MIG-MT0003,R03,高学年室,2026/09/12,2026/09/13,10,9,1,0,0,0,0,0,,,2026/06/26 22:13,2026/06/26 22:13
RA-2026-0082,STUDIO-MT149,R01,理科室,2026/09/16,2026/09/18,22,16,6,0,0,0,0,0,,,2026/06/26 22:19,2026/06/26 22:19
RA-2026-0083,STUDIO-MT149,R02,低学年室,2026/09/16,2026/09/18,22,16,6,0,0,0,0,0,,,2026/06/26 22:19,2026/06/26 22:19
RA-2026-0084,STUDIO-MT149,R03,高学年室,2026/09/16,2026/09/18,22,16,6,0,0,0,0,0,,,2026/06/26 22:19,2026/06/26 22:19
RA-2026-0085,STUDIO-MT149,R04,保健室,2026/09/16,2026/09/18,22,16,6,0,0,0,0,0,,,2026/06/26 22:19,2026/06/26 22:19
RA-2026-0086,STUDIO-MT149,R05,音楽室,2026/09/16,2026/09/18,22,16,6,0,0,0,0,0,,,2026/06/26 22:19,2026/06/26 22:19
RA-2026-0087,MANUAL-MT13,R01,理科室,2026/07/18,2026/07/19,3,3,0,0,0,0,0,0,,,2026/07/02 17:29,2026/07/02 17:29
RA-2026-0088,MANUAL-MT13,R04,保健室,2026/07/18,2026/07/19,4,0,4,0,0,0,0,0,,,2026/07/02 17:30,2026/07/02 17:30
RA-2026-0092,MANUAL-MT20,R01,理科室,2026/07/12,2026/07/13,2,1,1,0,0,0,0,0,,,2026/07/04 17:54,2026/07/04 17:54